inferred_condition,n,n_correct,parse_rate,accuracy,ci_low,ci_high,accuracy_pct,ci_low_pct,ci_high_pct,parse_rate_pct
G0,400,318,1.0,0.795,0.7527205845205713,0.8316671618221938,79.5,75.27205845205714,83.16671618221937,100.0
G1A,400,315,1.0,0.7875,0.7447739406814161,0.8247564900763634,78.75,74.4773940681416,82.47564900763635,100.0
G1B,400,240,1.0,0.6,0.5512590700269542,0.6468384711061865,60.0,55.12590700269542,64.68384711061866,100.0
G2A,400,365,1.0,0.9125,0.8807392673857086,0.9364130897884968,91.25,88.07392673857086,93.64130897884968,100.0
G2B,400,354,1.0,0.885,0.850008455984224,0.9126670773783676,88.5,85.0008455984224,91.26670773783675,100.0
G3A,400,379,1.0,0.9475,0.921078024928725,0.9654084716420795,94.75,92.10780249287251,96.54084716420796,100.0
G3B,400,353,1.0,0.8825,0.8472450357843668,0.9104780590498962,88.25,84.72450357843668,91.04780590498962,100.0
G4A,400,361,1.0,0.9025,0.8694877208462788,0.9278548822146124,90.25,86.94877208462788,92.78548822146124,100.0
G4B,400,387,1.0,0.9675,0.9451958471762332,0.9809101576211996,96.75,94.51958471762332,98.09101576211997,100.0
